Title,1st author / year,Journal,Impact factor,Purpose of the study,P - Population,I - Intervention / exposure,C - Comparison,O - Outcome,Search terms / strings - PubMed / MEDLINE,Search terms / strings - Embase,Search terms / strings - Web of Science,URL
Disability in activities of daily living among adults with cancer: a systematic review and meta-analysis,"Neo J, 2017",Cancer Treatment Reviews,9.6 (2023 JIF),"To determine the prevalence of disability in activities of daily living among adults with cancer, which ADL items are most often affected, and which instruments are used to measure it. The best functional-status search block available in this impact band: the review has no intervention concept at all, and instead intersects a two-term cancer population with a thirteen-synonym functional-disability block and an observational-design filter. If you take one outcome block for functional status, take this one.","Adults with cancer (any type, any stage, any treatment setting).",Nil - the review deliberately has no intervention concept.,Nil.,"Disability in activities of daily living (ADL) and instrumental activities of daily living (IADL) - prevalence, affected items, and measurement instruments.","[Not searched as PubMed. MEDLINE(R) via Ovid, 1946 to June 2016; search alerts run to
November 2016. Online supplement, Appendix 1, verbatim - the review labels this the
""example search strategy"", adapted for the other 11 databases:]
1  Cancer*.mp.
2  exp Carcinoma/
3  Carcinoma*.mp.
4  1 or 2 or 3
5  Function* disabilit*.mp.
6  Function* outcome*.mp.
7  Function* impairment*.mp.
8  Function* status.mp.
9  Function* performance.mp.
10 Function* limitation*.mp.
11 exp ""Activities of Daily Living""/
12 ADL.mp.
13 (Activit* adj2 daily living).mp.
14 (Instrumental Activit* adj2 daily living).mp.
15 IADL.mp.
16 Activit* limitation*.mp.
17 Participation restriction*.mp.
18 5 or 6 or 7 or 8 or 9 or 10 or 11 or 12 or 13 or 14 or 15 or 16 or 17
19 Epidemiologic studies/
20 exp case control studies/
21 exp cohort studies/
22 Case control.tw.
23 (Cohort adj (study or studies)).tw.
24 Cohort analy$.tw.
25 (Follow up adj (study or studies)).tw.
26 (Observational adj (study or studies)).tw.
27 Longitudinal.tw.
28 Retrospective.tw.
29 Cross sectional.tw.
30 Cross-sectional studies/
31 19 or 20 or 21 or 22 or 23 or 24 or 25 or 26 or 27 or 28 or 29 or 30
32 4 and 18 and 31
33 Limit 32 to (English language and humans and ""all adult (19 plus years)"")
key: adj = adjacent; exp = explode; mp = title, original title, abstract, subject
heading, name of substance, and registry word; tw = text word.
The supplement also gives the concept table the strategy was built from - Population:
cancer, carcinoma. Intervention: nil. Comparison: nil. Outcome: functional
disability, functional disabilities, functional outcome, functional impairment,
functional limitation, functional status, functional performance, activities of daily
living, ADL, instrumental activities of daily living, IADL, activity limitation,
participation restriction. Study type: observational/epidemiologic/case-control/
cohort/cohort analysis/longitudinal/retrospective/cross-sectional/follow-up/
prospective/correlational studies.","Searched, but no Embase-specific string was published. The Methods state that the
strategy ""was developed for MEDLINE and adapted where necessary for all other
databases"", and only the MEDLINE example is reproduced (Appendix 1). Twelve
databases were searched from inception to June 2016: MEDLINE, EMBASE, CINAHL, ASSIA,
PsycINFO, Social Policy and Practice, IBSS, ScienceDirect, Social Service Abstracts,
Sociological Abstracts, Scopus and Web of Science Core Collection.","Searched (Web of Science Core Collection, and Web of Science Conference Proceedings
for grey literature), but no Web of Science-specific string was published - only the
MEDLINE example strategy, adapted. Grey literature was additionally searched in
OpenGrey, ProQuest Dissertations & Theses, Scopus Conference Proceedings, HMIC and
Global Health. No date restriction; limited to human studies published in English.
This is one of only four reviews in the collection that searched Web of Science, and
one of two that searched it without publishing the string.",https://doi.org/10.1016/j.ctrv.2017.10.006
Physical function endpoints in cancer cachexia clinical trials: Systematic Review 1 of the cachexia endpoints series,"McDonald J, 2023","Journal of Cachexia, Sarcopenia and Muscle",9.4 (2023 JIF),"To assess the frequency and diversity of physical function endpoints used in cancer cachexia clinical trials, and how often they change with intervention. Included as an exemplar of a librarian-built Ovid strategy in which physical function is the whole point of the review yet appears nowhere in the search: retrieval is population (cancer) AND condition (cachexia) AND study design, with physical function applied as an eligibility criterion.",Adults (>= 18 years) with cancer cachexia.,"Any cachexia intervention lasting more than 14 days (nutritional, pharmacological, exercise, multimodal), in controlled trials with more than 40 participants.",Control arm as defined by each trial.,"Physical function endpoints - handgrip strength, 6-minute walk test, timed up-and-go, physical activity, patient-reported physical function.","[Not searched as PubMed. Ovid MEDLINE(R) ALL 1946 to 1 July 2021; search run
2 June 2021 by a research librarian, University of Oslo. Appendix S1, verbatim:]
1  exp Neoplasms/ or (neoplasm* or cancer* or tumor* or tumour* or oncol* or malign*
   or carcinom* or adenocarcinom* or adenoma or metasta*).ti,ab,kf.
2  Cachexia/ or Emaciation/ or Malnutrition/ or Starvation/ or Wasting syndrome/
   or Thinness/ or Sarcopenia/ or Anorexia/ or *Weight Loss/
3  and/1-2
4  ((cachexia or cachexic or anorexia or anorectic or emaciat* or malnutrition or
   underweight or starvation* or thiness or leanness or sarcopenia or wasting syndrome*
   or wasting disease* or weightloss* or ((appetite* or weight) adj2 (loss or loosing
   or losing))) adj4 (neoplasm* or cancer* or tumor* or tumour* or oncol* or malign*
   or carcinom* or adenocarcinom* or adenoma or metasta*)).ti,ab,kf.
5  ((cachexia or cachexic or anorexia or ... [same term list as line 4] ...) and
   (neoplasm* or cancer* or tumor* or tumour* or oncol* or malign* or carcinom*
   or adenocarcinom* or adenoma or metasta*)).ti.
6  or/3-5
7  randomized controlled trial.pt.
8  controlled clinical trial.pt.
9  randomized.ab.
10 placebo.ab.
11 drug therapy.fs.
12 randomly.ab.
13 trial.ab.
14 groups.ab.
15 or/7-14
16 exp animals/ not humans.sh.
17 15 not 16
18 6 and 17
19 limit 18 to yr=""1990 -Current""
20 cohort studies/ or follow-up studies/ or longitudinal studies/ or ""national
   longitudinal study of adolescent health""/ or prospective studies/
   or retrospective studies/
21 (cohort* or longitudinal or prospective* or retrospective*).tw.
22 or/20-21
23 and/6,22
24 limit 23 to yr=""1990 -Current""
25 24 not 19
26 19 or 24
Note: no physical-function terms appear in the strategy.
[Complete unabbreviated strategy, all databases: strategies/02_mcdonald2023_cachexia-physical-function.txt]","[Embase Classic+Embase 1947 to 1 July 2021 via Ovid; run 2 June 2021.
Appendix S1, verbatim (population/condition block; the design block is a long
standard Embase RCT/observational filter, lines 7-45):]
1  exp neoplasm/ or (neoplasm* or cancer* or tumor* or tumour* or oncol* or malign*
   or carcinom* or adenocarcinom* or adenoma or metasta*).ti,ab,kw.
2  cachexia/ or emaciation/ or *malnutrition/ or starvation/ or wasting syndrome/
   or *anorexia/ or sarcopenia/ or *weight loss/
3  and/1-2
4  ((cachexia or cachexic or anorexia or anorectic or emaciat* or malnutrition or
   underweight or starvation* or thiness or leanness or sarcopenia or wasting syndrome*
   or wasting disease* or weightloss* or ((appetite* or weight) adj2 (loss or loosing
   or losing))) adj3 (neoplasm* or cancer* or tumor* or tumour* or oncol* or malign*
   or carcinom* or adenocarcinom* or adenoma or metasta*)).ti,ab,kw.
5  ((cachexia or cachexic or anorexia or ... [same term list] ...) and (neoplasm*
   or cancer* or tumor* or tumour* or oncol* or malign* or carcinom* or adenocarcinom*
   or adenoma or metasta*)).ti.
6  or/3-5
7-25   [Embase RCT filter: Randomized controlled trial/; Controlled clinical trial/;
       random$.ti,ab.; randomization/; intermethod comparison/; placebo.ti,ab.;
       (compare or compared or comparison).ti.; ((evaluated or evaluate or evaluating
       or assessed or assess) and (compare or compared or comparing or comparison)).ab.;
       (open adj label).ti,ab.; ((double or single or doubly or singly) adj (blind or
       blinded or blindly)).ti,ab.; double blind procedure/; parallel group$1.ti,ab.;
       (crossover or cross over).ti,ab.; ((assign$ or match or matched or allocation)
       adj5 (alternate or group$1 or intervention$1 or patient$1 or subject$1 or
       participant$1)).ti,ab.; (assigned or allocated).ti,ab.; (controlled adj7 (study
       or design or trial)).ti,ab.; (volunteer or volunteers).ti,ab.; human experiment/;
       trial.ti.]
26 or/7-25
27-39  [exclusion filter for non-trial designs and animal studies]
40 or/27-39
41 26 not 40
42 and/6,41
43 limit 42 to yr=""1990 -Current""
44 limit 43 to conference abstracts
45 43 not 44
46 cohort analysis/ or follow up/ or longitudinal study/ or ""national longitudinal
   study of adolescent health""/ or prospective study/ or retrospective study/
47 ((cohort adj (study or studies)) or cohort analy* or longitudinal).tw.
48 or/46-47
49 and/6,48
50 limit 49 to yr=""1990 -Current""
51 limit 50 to conference abstracts
52 50 not 51
53 52 not 45
[Complete unabbreviated strategy, all databases: strategies/02_mcdonald2023_cachexia-physical-function.txt]","Not searched. Databases searched were MEDLINE (Ovid), Embase (Ovid) and the Cochrane
Central Register of Controlled Trials, 1990 to 2 June 2021. Web of Science was not used.
[CENTRAL strategy, verbatim:
#1 [mh Neoplasms]
#2 ((neoplasm* or cancer* or tumor* or tumour* or oncol* or malign* or carcinom*
   or adenocarcinom* or adenoma or metasta*)):ti,ab,kw
#3 #1 or #2
#4 [mh Cachexia] or [mh ^Emaciation] or [mh ^Malnutrition] or [mh Starvation]
   or [mh ^""Wasting syndrome""] or [mh Thinness] or [mh Sarcopenia] or [mh Anorexia]
#5 MeSH descriptor: [Weight Loss] this term only
#6 #3 and (#4 or #5)
#7 (((cachexia or cachexic or anorexia or anorectic or emaciat* or malnutrition or
   underweight or starvation* or thiness or leanness or sarcopenia or ""wasting syndrome""
   or ""wasting syndromes"" or ""wasting disease"" or ""wasting diseases"" or weightloss*
   or ((appetite* or weight) near/2 (loss or loosing or losing))) near/3 (neoplasm*
   or cancer* or tumor* or tumour* or oncol* or malign* or carcinom* or adenocarcinom*
   or adenoma or metasta*))):ti,ab,kw
#8 [same term list combined with AND rather than near/3]:ti
#9 #6 or #7 or #8 with Publication Year from 1990 to 2021, in Trials]
[Complete unabbreviated strategy, all databases: strategies/02_mcdonald2023_cachexia-physical-function.txt]",https://doi.org/10.1002/jcsm.13321
Geriatric assessment in older patients with a hematologic malignancy: a systematic review,"Scheepers ERM, 2020",Haematologica,8.2 (2023 JIF),"To summarise what geriatric assessment adds in older patients with a haematologic malignancy - the prevalence of geriatric impairments (including impaired activities of daily living) and their association with treatment decisions, chemotherapy toxicity, healthcare utilisation, physical functioning after treatment, quality of life and mortality. Included as the one review of the three restricted to older adults, and because it shows the common substitute for a functional-status block: retrieval on ""frailty OR geriatric assessment"", with functional status captured only downstream.","Older patients with a haematologic malignancy (leukaemia, lymphoma, multiple myeloma, myelodysplastic syndrome, myeloproliferative neoplasms).","Geriatric assessment (any validated multidomain instrument), applied before or during antineoplastic treatment.","No geriatric assessment, or patients without the impairment identified.",Prevalence of geriatric impairments; treatment decision-making; chemotherapy toxicity; healthcare utilisation; physical functioning after treatment; quality of life; mortality.,"[MEDLINE, searched 4 March 2019 and updated 20 January 2020; results limited to
studies published after 1 January 2013. Reported in native PubMed syntax as a single
string in the Methods, verbatim:]
(((""Hematologic Neoplasms""[Mesh] OR ""Leukemia""[Mesh] OR ""Lymphoma""[Mesh]
OR ""Multiple Myeloma""[Mesh] OR ""Myelodysplastic Syndromes""[Mesh] OR leukemia[tiab]
OR leukaemia[tiab] OR lymphoma*[tiab] OR hodgkin*[tiab] OR non-hodgkin*[tiab]
OR (multiple myeloma[tiab]) OR myelodysplas*[tiab] OR (haematolog* AND malignan*[tiab])
OR (hematolog* AND malignan*[tiab]) OR (myeloid[tiab] OR lymphoid[tiab]
AND neoplas*[tiab]) OR myeloproliferative[tiab] OR (plasma cell neoplas*[tiab])
OR plasma cell dyscrasia*[tiab] OR (myeloid[tiab] AND sarcoma*[tiab])
OR waldenstrom[tiab] OR myelofibrosis[tiab] OR mastocystosis[tiab]
OR (polycyth* AND vera[tiab]) OR (essential AND thrombocyt*[tiab])))
AND ((""frailty""[All Fields] OR ""Geriatric Assessment""[Mesh] OR frail*[tiab]
OR vulnerabl*[tiab] OR geriatric assessment*[tiab] OR geriatric*[tiab]))
No age or language limitations were applied.
Note: functional status enters only through ""Geriatric Assessment""[Mesh] and
frail*/vulnerabl*; there are no ADL, IADL or physical-function terms.","Searched, but no separate Embase string was published. The Methods state that ""the
following search was performed ... in both MEDLINE and EMBASE"" and then give one
strategy in PubMed syntax; the Emtree translation is not reported. Yield is reported
by database (832 citations from MEDLINE, 3797 from EMBASE, 4629 total).","Not searched. Databases searched were MEDLINE and EMBASE only, supplemented by
cross-referencing the reference lists of included studies and by carrying forward
eligible studies from the earlier 2013 review by Hamaker et al.",https://doi.org/10.3324/haematol.2019.245803
